draw,jaccard,size_boot,size_full
1,0.6481481481481481,35,54
2,0.5925925925925926,32,54
3,0.6851851851851852,37,54
4,0.7037037037037037,38,54
5,0.6666666666666666,36,54
6,0.5925925925925926,32,54
7,0.5555555555555556,30,54
8,0.5185185185185185,28,54
9,0.6111111111111112,33,54
10,0.6481481481481481,35,54
11,0.6111111111111112,33,54
12,0.46296296296296297,25,54
13,0.6481481481481481,35,54
14,0.5555555555555556,30,54
15,0.5925925925925926,32,54
16,0.6481481481481481,35,54
17,0.6296296296296297,34,54
18,0.48148148148148145,26,54
19,0.5370370370370371,29,54
20,0.6481481481481481,35,54
21,0.6111111111111112,33,54
22,0.5740740740740741,31,54
23,0.5740740740740741,31,54
24,0.6296296296296297,34,54
25,0.5,27,54
26,0.6296296296296297,34,54
27,0.5185185185185185,28,54
28,0.5370370370370371,29,54
29,0.6666666666666666,36,54
30,0.6851851851851852,37,54
31,0.6296296296296297,34,54
32,0.48148148148148145,26,54
33,0.6851851851851852,37,54
34,0.5740740740740741,31,54
35,0.5740740740740741,31,54
36,0.6111111111111112,33,54
37,0.5925925925925926,32,54
38,0.6851851851851852,37,54
39,0.6481481481481481,35,54
40,0.5555555555555556,30,54
41,0.7222222222222222,39,54
42,0.5740740740740741,31,54
43,0.6296296296296297,34,54
44,0.5740740740740741,31,54
45,0.6296296296296297,34,54
46,0.6111111111111112,33,54
47,0.5925925925925926,32,54
48,0.5740740740740741,31,54
49,0.6296296296296297,34,54
50,0.5740740740740741,31,54
51,0.6111111111111112,33,54
52,0.5925925925925926,32,54
53,0.5555555555555556,30,54
54,0.5,27,54
55,0.6111111111111112,33,54
56,0.5740740740740741,31,54
57,0.6111111111111112,33,54
58,0.6296296296296297,34,54
59,0.5370370370370371,29,54
60,0.6111111111111112,33,54
61,0.5185185185185185,28,54
62,0.5925925925925926,32,54
63,0.5925925925925926,32,54
64,0.5555555555555556,30,54
65,0.5370370370370371,29,54
66,0.7037037037037037,38,54
67,0.6111111111111112,33,54
68,0.46296296296296297,25,54
69,0.6111111111111112,33,54
70,0.5555555555555556,30,54
71,0.5555555555555556,30,54
72,0.6481481481481481,35,54
73,0.6481481481481481,35,54
74,0.6296296296296297,34,54
75,0.5370370370370371,29,54
76,0.6111111111111112,33,54
77,0.6666666666666666,36,54
78,0.5555555555555556,30,54
79,0.6666666666666666,36,54
80,0.6851851851851852,37,54
81,0.6481481481481481,35,54
82,0.5370370370370371,29,54
83,0.6666666666666666,36,54
84,0.6296296296296297,34,54
85,0.6481481481481481,35,54
86,0.5740740740740741,31,54
87,0.5925925925925926,32,54
88,0.6111111111111112,33,54
89,0.6851851851851852,37,54
90,0.6851851851851852,37,54
91,0.7037037037037037,38,54
92,0.7037037037037037,38,54
93,0.5555555555555556,30,54
94,0.6666666666666666,36,54
95,0.7037037037037037,38,54
96,0.6296296296296297,34,54
97,0.6296296296296297,34,54
98,0.6111111111111112,33,54
99,0.5555555555555556,30,54
100,0.6296296296296297,34,54
101,0.6851851851851852,37,54
102,0.6296296296296297,34,54
103,0.5370370370370371,29,54
104,0.6296296296296297,34,54
105,0.5370370370370371,29,54
106,0.5555555555555556,30,54
107,0.5740740740740741,31,54
108,0.7222222222222222,39,54
109,0.5185185185185185,28,54
110,0.6481481481481481,35,54
111,0.5740740740740741,31,54
112,0.6296296296296297,34,54
113,0.5740740740740741,31,54
114,0.5740740740740741,31,54
115,0.6296296296296297,34,54
116,0.5370370370370371,29,54
117,0.5555555555555556,30,54
118,0.6296296296296297,34,54
119,0.6481481481481481,35,54
120,0.6296296296296297,34,54
121,0.7037037037037037,38,54
122,0.6296296296296297,34,54
123,0.6296296296296297,34,54
124,0.5185185185185185,28,54
125,0.5925925925925926,32,54
126,0.5,27,54
127,0.6481481481481481,35,54
128,0.6111111111111112,33,54
129,0.5740740740740741,31,54
130,0.5740740740740741,31,54
131,0.5370370370370371,29,54
132,0.6111111111111112,33,54
133,0.6851851851851852,37,54
134,0.5370370370370371,29,54
135,0.6111111111111112,33,54
136,0.6111111111111112,33,54
137,0.46296296296296297,25,54
138,0.5925925925925926,32,54
139,0.5555555555555556,30,54
140,0.5925925925925926,32,54
141,0.6296296296296297,34,54
142,0.5555555555555556,30,54
143,0.5,27,54
144,0.5740740740740741,31,54
145,0.6296296296296297,34,54
146,0.5925925925925926,32,54
147,0.6481481481481481,35,54
148,0.7037037037037037,38,54
149,0.5925925925925926,32,54
150,0.6296296296296297,34,54
151,0.5740740740740741,31,54
152,0.6666666666666666,36,54
153,0.5185185185185185,28,54
154,0.5925925925925926,32,54
155,0.6111111111111112,33,54
156,0.5555555555555556,30,54
157,0.5370370370370371,29,54
158,0.5740740740740741,31,54
159,0.6296296296296297,34,54
160,0.5740740740740741,31,54
161,0.5555555555555556,30,54
162,0.6111111111111112,33,54
163,0.6111111111111112,33,54
164,0.5555555555555556,30,54
165,0.7592592592592593,41,54
166,0.5925925925925926,32,54
167,0.6296296296296297,34,54
168,0.6296296296296297,34,54
169,0.7037037037037037,38,54
170,0.5185185185185185,28,54
171,0.6481481481481481,35,54
172,0.6296296296296297,34,54
173,0.5555555555555556,30,54
174,0.5185185185185185,28,54
175,0.5740740740740741,31,54
176,0.6481481481481481,35,54
177,0.5925925925925926,32,54
178,0.5740740740740741,31,54
179,0.5,27,54
180,0.6666666666666666,36,54
181,0.6111111111111112,33,54
182,0.5370370370370371,29,54
183,0.6666666666666666,36,54
184,0.5555555555555556,30,54
185,0.5555555555555556,30,54
186,0.5185185185185185,28,54
187,0.5555555555555556,30,54
188,0.6666666666666666,36,54
189,0.6666666666666666,36,54
190,0.5740740740740741,31,54
191,0.6111111111111112,33,54
192,0.6481481481481481,35,54
193,0.5740740740740741,31,54
194,0.5740740740740741,31,54
195,0.5925925925925926,32,54
196,0.5925925925925926,32,54
197,0.5370370370370371,29,54
198,0.5925925925925926,32,54
199,0.5740740740740741,31,54
200,0.6111111111111112,33,54
201,0.5925925925925926,32,54
202,0.5555555555555556,30,54
203,0.6851851851851852,37,54
204,0.5555555555555556,30,54
205,0.6481481481481481,35,54
206,0.6296296296296297,34,54
207,0.6296296296296297,34,54
208,0.5185185185185185,28,54
209,0.5555555555555556,30,54
210,0.6481481481481481,35,54
211,0.5740740740740741,31,54
212,0.6481481481481481,35,54
213,0.5925925925925926,32,54
214,0.6666666666666666,36,54
215,0.6296296296296297,34,54
216,0.7222222222222222,39,54
217,0.7037037037037037,38,54
218,0.6851851851851852,37,54
219,0.5740740740740741,31,54
220,0.6296296296296297,34,54
221,0.5925925925925926,32,54
222,0.6481481481481481,35,54
223,0.7037037037037037,38,54
224,0.5185185185185185,28,54
225,0.5740740740740741,31,54
226,0.6296296296296297,34,54
227,0.6666666666666666,36,54
228,0.6296296296296297,34,54
229,0.6111111111111112,33,54
230,0.5185185185185185,28,54
231,0.5925925925925926,32,54
232,0.6296296296296297,34,54
233,0.5555555555555556,30,54
234,0.5925925925925926,32,54
235,0.6111111111111112,33,54
236,0.6296296296296297,34,54
237,0.6111111111111112,33,54
238,0.5370370370370371,29,54
239,0.5925925925925926,32,54
240,0.6111111111111112,33,54
241,0.5185185185185185,28,54
242,0.6296296296296297,34,54
243,0.6481481481481481,35,54
244,0.6481481481481481,35,54
245,0.5740740740740741,31,54
246,0.6481481481481481,35,54
247,0.6851851851851852,37,54
248,0.5185185185185185,28,54
249,0.7037037037037037,38,54
250,0.6666666666666666,36,54
251,0.5555555555555556,30,54
252,0.6666666666666666,36,54
253,0.7222222222222222,39,54
254,0.6296296296296297,34,54
255,0.6296296296296297,34,54
256,0.6111111111111112,33,54
257,0.6851851851851852,37,54
258,0.6111111111111112,33,54
259,0.5370370370370371,29,54
260,0.6111111111111112,33,54
261,0.5740740740740741,31,54
262,0.6296296296296297,34,54
263,0.6296296296296297,34,54
264,0.6851851851851852,37,54
265,0.6851851851851852,37,54
266,0.5185185185185185,28,54
267,0.5185185185185185,28,54
268,0.5925925925925926,32,54
269,0.5555555555555556,30,54
270,0.6296296296296297,34,54
271,0.6666666666666666,36,54
272,0.6111111111111112,33,54
273,0.7037037037037037,38,54
274,0.5555555555555556,30,54
275,0.6296296296296297,34,54
276,0.6296296296296297,34,54
277,0.6666666666666666,36,54
278,0.6481481481481481,35,54
279,0.5925925925925926,32,54
280,0.6851851851851852,37,54
281,0.6111111111111112,33,54
282,0.5370370370370371,29,54
283,0.6851851851851852,37,54
284,0.6481481481481481,35,54
285,0.5555555555555556,30,54
286,0.6296296296296297,34,54
287,0.6481481481481481,35,54
288,0.5925925925925926,32,54
289,0.6111111111111112,33,54
290,0.7777777777777778,42,54
291,0.5925925925925926,32,54
292,0.7037037037037037,38,54
293,0.6481481481481481,35,54
294,0.5925925925925926,32,54
295,0.5,27,54
296,0.5740740740740741,31,54
297,0.5185185185185185,28,54
298,0.5925925925925926,32,54
299,0.5740740740740741,31,54
300,0.5555555555555556,30,54
301,0.6296296296296297,34,54
302,0.7037037037037037,38,54
303,0.5740740740740741,31,54
304,0.5555555555555556,30,54
305,0.5370370370370371,29,54
306,0.6296296296296297,34,54
307,0.7037037037037037,38,54
308,0.6851851851851852,37,54
309,0.5925925925925926,32,54
310,0.6296296296296297,34,54
311,0.6666666666666666,36,54
312,0.5740740740740741,31,54
313,0.6851851851851852,37,54
314,0.7037037037037037,38,54
315,0.6666666666666666,36,54
316,0.6296296296296297,34,54
317,0.5925925925925926,32,54
318,0.6666666666666666,36,54
319,0.5740740740740741,31,54
320,0.6111111111111112,33,54
321,0.5925925925925926,32,54
322,0.5370370370370371,29,54
323,0.5740740740740741,31,54
324,0.6296296296296297,34,54
325,0.5,27,54
326,0.6481481481481481,35,54
327,0.6666666666666666,36,54
328,0.5740740740740741,31,54
329,0.6296296296296297,34,54
330,0.5370370370370371,29,54
331,0.5185185185185185,28,54
332,0.6481481481481481,35,54
333,0.6296296296296297,34,54
334,0.6296296296296297,34,54
335,0.5740740740740741,31,54
336,0.5370370370370371,29,54
337,0.5370370370370371,29,54
338,0.7222222222222222,39,54
339,0.6296296296296297,34,54
340,0.6111111111111112,33,54
341,0.5740740740740741,31,54
342,0.6296296296296297,34,54
343,0.5740740740740741,31,54
344,0.6666666666666666,36,54
345,0.5740740740740741,31,54
346,0.6481481481481481,35,54
347,0.5555555555555556,30,54
348,0.6296296296296297,34,54
349,0.5555555555555556,30,54
350,0.5740740740740741,31,54
351,0.7037037037037037,38,54
352,0.5925925925925926,32,54
353,0.7037037037037037,38,54
354,0.6296296296296297,34,54
355,0.5185185185185185,28,54
356,0.6111111111111112,33,54
357,0.6481481481481481,35,54
358,0.5925925925925926,32,54
359,0.6296296296296297,34,54
360,0.6666666666666666,36,54
361,0.6296296296296297,34,54
362,0.6111111111111112,33,54
363,0.5740740740740741,31,54
364,0.5925925925925926,32,54
365,0.6111111111111112,33,54
366,0.5740740740740741,31,54
367,0.6481481481481481,35,54
368,0.6296296296296297,34,54
369,0.6851851851851852,37,54
370,0.6296296296296297,34,54
371,0.6666666666666666,36,54
372,0.5925925925925926,32,54
373,0.5925925925925926,32,54
374,0.6111111111111112,33,54
375,0.6111111111111112,33,54
376,0.5555555555555556,30,54
377,0.5925925925925926,32,54
378,0.5370370370370371,29,54
379,0.6296296296296297,34,54
380,0.5740740740740741,31,54
381,0.6111111111111112,33,54
382,0.5555555555555556,30,54
383,0.6851851851851852,37,54
384,0.5370370370370371,29,54
385,0.5185185185185185,28,54
386,0.5,27,54
387,0.7222222222222222,39,54
388,0.6666666666666666,36,54
389,0.5925925925925926,32,54
390,0.6111111111111112,33,54
391,0.6296296296296297,34,54
392,0.6481481481481481,35,54
393,0.6296296296296297,34,54
394,0.5370370370370371,29,54
395,0.6296296296296297,34,54
396,0.6851851851851852,37,54
397,0.5925925925925926,32,54
398,0.5,27,54
399,0.6851851851851852,37,54
400,0.5185185185185185,28,54
401,0.6296296296296297,34,54
402,0.6666666666666666,36,54
403,0.5740740740740741,31,54
404,0.7592592592592593,41,54
405,0.6111111111111112,33,54
406,0.6481481481481481,35,54
407,0.6111111111111112,33,54
408,0.6296296296296297,34,54
409,0.6111111111111112,33,54
410,0.6851851851851852,37,54
411,0.6481481481481481,35,54
412,0.6666666666666666,36,54
413,0.5,27,54
414,0.6481481481481481,35,54
415,0.5925925925925926,32,54
416,0.6481481481481481,35,54
417,0.6851851851851852,37,54
418,0.5370370370370371,29,54
419,0.5740740740740741,31,54
420,0.6111111111111112,33,54
421,0.6666666666666666,36,54
422,0.5555555555555556,30,54
423,0.5740740740740741,31,54
424,0.5740740740740741,31,54
425,0.5555555555555556,30,54
426,0.6481481481481481,35,54
427,0.6851851851851852,37,54
428,0.6666666666666666,36,54
429,0.6111111111111112,33,54
430,0.6111111111111112,33,54
431,0.5740740740740741,31,54
432,0.6851851851851852,37,54
433,0.5925925925925926,32,54
434,0.6666666666666666,36,54
435,0.5185185185185185,28,54
436,0.5740740740740741,31,54
437,0.6111111111111112,33,54
438,0.6851851851851852,37,54
439,0.5185185185185185,28,54
440,0.6111111111111112,33,54
441,0.7222222222222222,39,54
442,0.5,27,54
443,0.5185185185185185,28,54
444,0.6481481481481481,35,54
445,0.5555555555555556,30,54
446,0.6666666666666666,36,54
447,0.5925925925925926,32,54
448,0.5925925925925926,32,54
449,0.5925925925925926,32,54
450,0.6111111111111112,33,54
451,0.5370370370370371,29,54
452,0.6851851851851852,37,54
453,0.5925925925925926,32,54
454,0.6111111111111112,33,54
455,0.6666666666666666,36,54
456,0.48148148148148145,26,54
457,0.6296296296296297,34,54
458,0.6481481481481481,35,54
459,0.5740740740740741,31,54
460,0.6296296296296297,34,54
461,0.5555555555555556,30,54
462,0.6481481481481481,35,54
463,0.6111111111111112,33,54
464,0.7037037037037037,38,54
465,0.6851851851851852,37,54
466,0.6296296296296297,34,54
467,0.6296296296296297,34,54
468,0.5185185185185185,28,54
469,0.6666666666666666,36,54
470,0.6111111111111112,33,54
471,0.6666666666666666,36,54
472,0.6481481481481481,35,54
473,0.6481481481481481,35,54
474,0.5925925925925926,32,54
475,0.6111111111111112,33,54
476,0.6666666666666666,36,54
477,0.6666666666666666,36,54
478,0.6111111111111112,33,54
479,0.5925925925925926,32,54
480,0.6666666666666666,36,54
481,0.6296296296296297,34,54
482,0.6851851851851852,37,54
483,0.6296296296296297,34,54
484,0.5925925925925926,32,54
485,0.5555555555555556,30,54
486,0.6481481481481481,35,54
487,0.6666666666666666,36,54
488,0.6666666666666666,36,54
489,0.6666666666666666,36,54
490,0.5925925925925926,32,54
491,0.5370370370370371,29,54
492,0.6111111111111112,33,54
493,0.5925925925925926,32,54
494,0.6296296296296297,34,54
495,0.6296296296296297,34,54
496,0.5925925925925926,32,54
497,0.6481481481481481,35,54
498,0.6666666666666666,36,54
499,0.5555555555555556,30,54
500,0.5925925925925926,32,54
501,0.5555555555555556,30,54
502,0.6296296296296297,34,54
503,0.6481481481481481,35,54
504,0.7037037037037037,38,54
505,0.5740740740740741,31,54
506,0.6111111111111112,33,54
507,0.7222222222222222,39,54
508,0.7037037037037037,38,54
509,0.6666666666666666,36,54
510,0.6111111111111112,33,54
511,0.6481481481481481,35,54
512,0.5925925925925926,32,54
513,0.5740740740740741,31,54
514,0.6111111111111112,33,54
515,0.6296296296296297,34,54
516,0.5925925925925926,32,54
517,0.6851851851851852,37,54
518,0.5740740740740741,31,54
519,0.5185185185185185,28,54
520,0.6481481481481481,35,54
521,0.5740740740740741,31,54
522,0.6481481481481481,35,54
523,0.6851851851851852,37,54
524,0.6296296296296297,34,54
525,0.6666666666666666,36,54
526,0.6296296296296297,34,54
527,0.6111111111111112,33,54
528,0.6111111111111112,33,54
529,0.5925925925925926,32,54
530,0.6481481481481481,35,54
531,0.5740740740740741,31,54
532,0.5370370370370371,29,54
533,0.5370370370370371,29,54
534,0.5370370370370371,29,54
535,0.6111111111111112,33,54
536,0.5925925925925926,32,54
537,0.5740740740740741,31,54
538,0.6481481481481481,35,54
539,0.6481481481481481,35,54
540,0.5185185185185185,28,54
541,0.6111111111111112,33,54
542,0.7037037037037037,38,54
543,0.6666666666666666,36,54
544,0.5925925925925926,32,54
545,0.6481481481481481,35,54
546,0.48148148148148145,26,54
547,0.6296296296296297,34,54
548,0.6666666666666666,36,54
549,0.6481481481481481,35,54
550,0.5555555555555556,30,54
551,0.5555555555555556,30,54
552,0.5740740740740741,31,54
553,0.5925925925925926,32,54
554,0.6481481481481481,35,54
555,0.5925925925925926,32,54
556,0.6481481481481481,35,54
557,0.6666666666666666,36,54
558,0.6481481481481481,35,54
559,0.6111111111111112,33,54
560,0.7777777777777778,42,54
561,0.7222222222222222,39,54
562,0.7407407407407407,40,54
563,0.6111111111111112,33,54
564,0.6851851851851852,37,54
565,0.6111111111111112,33,54
566,0.5925925925925926,32,54
567,0.6111111111111112,33,54
568,0.7222222222222222,39,54
569,0.5370370370370371,29,54
570,0.5555555555555556,30,54
571,0.6851851851851852,37,54
572,0.6111111111111112,33,54
573,0.6851851851851852,37,54
574,0.6296296296296297,34,54
575,0.6111111111111112,33,54
576,0.5740740740740741,31,54
577,0.6481481481481481,35,54
578,0.6666666666666666,36,54
579,0.5740740740740741,31,54
580,0.5740740740740741,31,54
581,0.5740740740740741,31,54
582,0.5740740740740741,31,54
583,0.5740740740740741,31,54
584,0.5185185185185185,28,54
585,0.6296296296296297,34,54
586,0.6111111111111112,33,54
587,0.6296296296296297,34,54
588,0.6851851851851852,37,54
589,0.5740740740740741,31,54
590,0.5925925925925926,32,54
591,0.6666666666666666,36,54
592,0.5925925925925926,32,54
593,0.48148148148148145,26,54
594,0.7222222222222222,39,54
595,0.6481481481481481,35,54
596,0.6851851851851852,37,54
597,0.5740740740740741,31,54
598,0.6296296296296297,34,54
599,0.7037037037037037,38,54
600,0.6296296296296297,34,54
601,0.6851851851851852,37,54
602,0.6481481481481481,35,54
603,0.5370370370370371,29,54
604,0.6481481481481481,35,54
605,0.6666666666666666,36,54
606,0.6481481481481481,35,54
607,0.6111111111111112,33,54
608,0.6111111111111112,33,54
609,0.5370370370370371,29,54
610,0.6666666666666666,36,54
611,0.46296296296296297,25,54
612,0.6481481481481481,35,54
613,0.5740740740740741,31,54
614,0.6481481481481481,35,54
615,0.5740740740740741,31,54
616,0.6296296296296297,34,54
617,0.5925925925925926,32,54
618,0.6296296296296297,34,54
619,0.6296296296296297,34,54
620,0.5925925925925926,32,54
621,0.5925925925925926,32,54
622,0.5925925925925926,32,54
623,0.5370370370370371,29,54
624,0.5925925925925926,32,54
625,0.6481481481481481,35,54
626,0.6296296296296297,34,54
627,0.6296296296296297,34,54
628,0.7222222222222222,39,54
629,0.5925925925925926,32,54
630,0.5740740740740741,31,54
631,0.5925925925925926,32,54
632,0.6296296296296297,34,54
633,0.7592592592592593,41,54
634,0.7037037037037037,38,54
635,0.6296296296296297,34,54
636,0.5925925925925926,32,54
637,0.5370370370370371,29,54
638,0.5,27,54
639,0.5740740740740741,31,54
640,0.5740740740740741,31,54
641,0.5740740740740741,31,54
642,0.5370370370370371,29,54
643,0.5925925925925926,32,54
644,0.6666666666666666,36,54
645,0.5370370370370371,29,54
646,0.6851851851851852,37,54
647,0.6481481481481481,35,54
648,0.6851851851851852,37,54
649,0.5740740740740741,31,54
650,0.5555555555555556,30,54
651,0.5185185185185185,28,54
652,0.5925925925925926,32,54
653,0.6296296296296297,34,54
654,0.46296296296296297,25,54
655,0.5925925925925926,32,54
656,0.48148148148148145,26,54
657,0.5740740740740741,31,54
658,0.7407407407407407,40,54
659,0.6296296296296297,34,54
660,0.5925925925925926,32,54
661,0.6111111111111112,33,54
662,0.6296296296296297,34,54
663,0.5185185185185185,28,54
664,0.6666666666666666,36,54
665,0.5555555555555556,30,54
666,0.5740740740740741,31,54
667,0.5740740740740741,31,54
668,0.7222222222222222,39,54
669,0.6481481481481481,35,54
670,0.5,27,54
671,0.6481481481481481,35,54
672,0.5925925925925926,32,54
673,0.6296296296296297,34,54
674,0.6296296296296297,34,54
675,0.48148148148148145,26,54
676,0.6111111111111112,33,54
677,0.5555555555555556,30,54
678,0.5925925925925926,32,54
679,0.5740740740740741,31,54
680,0.6296296296296297,34,54
681,0.6296296296296297,34,54
682,0.6481481481481481,35,54
683,0.6666666666666666,36,54
684,0.5740740740740741,31,54
685,0.5185185185185185,28,54
686,0.5185185185185185,28,54
687,0.7037037037037037,38,54
688,0.6666666666666666,36,54
689,0.5555555555555556,30,54
690,0.48148148148148145,26,54
691,0.6111111111111112,33,54
692,0.6481481481481481,35,54
693,0.5555555555555556,30,54
694,0.6851851851851852,37,54
695,0.5555555555555556,30,54
696,0.6296296296296297,34,54
697,0.6666666666666666,36,54
698,0.6111111111111112,33,54
699,0.6111111111111112,33,54
700,0.7592592592592593,41,54
701,0.6296296296296297,34,54
702,0.5925925925925926,32,54
703,0.5925925925925926,32,54
704,0.5370370370370371,29,54
705,0.6111111111111112,33,54
706,0.5925925925925926,32,54
707,0.5555555555555556,30,54
708,0.6111111111111112,33,54
709,0.5925925925925926,32,54
710,0.6851851851851852,37,54
711,0.5925925925925926,32,54
712,0.6851851851851852,37,54
713,0.5555555555555556,30,54
714,0.7592592592592593,41,54
715,0.6851851851851852,37,54
716,0.5185185185185185,28,54
717,0.6666666666666666,36,54
718,0.48148148148148145,26,54
719,0.6666666666666666,36,54
720,0.6111111111111112,33,54
721,0.5740740740740741,31,54
722,0.5925925925925926,32,54
723,0.5740740740740741,31,54
724,0.6481481481481481,35,54
725,0.6296296296296297,34,54
726,0.6111111111111112,33,54
727,0.5555555555555556,30,54
728,0.5370370370370371,29,54
729,0.6296296296296297,34,54
730,0.7037037037037037,38,54
731,0.5740740740740741,31,54
732,0.46296296296296297,25,54
733,0.5370370370370371,29,54
734,0.6481481481481481,35,54
735,0.5185185185185185,28,54
736,0.6111111111111112,33,54
737,0.5925925925925926,32,54
738,0.5555555555555556,30,54
739,0.5370370370370371,29,54
740,0.6851851851851852,37,54
741,0.6481481481481481,35,54
742,0.5925925925925926,32,54
743,0.42592592592592593,23,54
744,0.5925925925925926,32,54
745,0.5555555555555556,30,54
746,0.6296296296296297,34,54
747,0.6296296296296297,34,54
748,0.6481481481481481,35,54
749,0.6481481481481481,35,54
750,0.6666666666666666,36,54
751,0.5185185185185185,28,54
752,0.6851851851851852,37,54
753,0.6851851851851852,37,54
754,0.5185185185185185,28,54
755,0.6111111111111112,33,54
756,0.6481481481481481,35,54
757,0.6666666666666666,36,54
758,0.6481481481481481,35,54
759,0.7037037037037037,38,54
760,0.5370370370370371,29,54
761,0.6111111111111112,33,54
762,0.5925925925925926,32,54
763,0.6111111111111112,33,54
764,0.5740740740740741,31,54
765,0.6666666666666666,36,54
766,0.6481481481481481,35,54
767,0.5925925925925926,32,54
768,0.5555555555555556,30,54
769,0.5740740740740741,31,54
770,0.6481481481481481,35,54
771,0.5370370370370371,29,54
772,0.5555555555555556,30,54
773,0.5925925925925926,32,54
774,0.6851851851851852,37,54
775,0.5370370370370371,29,54
776,0.5925925925925926,32,54
777,0.6481481481481481,35,54
778,0.6851851851851852,37,54
779,0.5555555555555556,30,54
780,0.5,27,54
781,0.6666666666666666,36,54
782,0.6111111111111112,33,54
783,0.6481481481481481,35,54
784,0.6296296296296297,34,54
785,0.5740740740740741,31,54
786,0.6666666666666666,36,54
787,0.5555555555555556,30,54
788,0.6296296296296297,34,54
789,0.7592592592592593,41,54
790,0.6666666666666666,36,54
791,0.5925925925925926,32,54
792,0.6111111111111112,33,54
793,0.6296296296296297,34,54
794,0.6666666666666666,36,54
795,0.6481481481481481,35,54
796,0.6296296296296297,34,54
797,0.7037037037037037,38,54
798,0.5370370370370371,29,54
799,0.6111111111111112,33,54
800,0.5740740740740741,31,54
801,0.6481481481481481,35,54
802,0.5740740740740741,31,54
803,0.5740740740740741,31,54
804,0.6111111111111112,33,54
805,0.6296296296296297,34,54
806,0.6296296296296297,34,54
807,0.6666666666666666,36,54
808,0.5925925925925926,32,54
809,0.6111111111111112,33,54
810,0.6666666666666666,36,54
811,0.6666666666666666,36,54
812,0.6851851851851852,37,54
813,0.5370370370370371,29,54
814,0.6296296296296297,34,54
815,0.6296296296296297,34,54
816,0.6851851851851852,37,54
817,0.6111111111111112,33,54
818,0.6296296296296297,34,54
819,0.5185185185185185,28,54
820,0.6666666666666666,36,54
821,0.5740740740740741,31,54
822,0.6111111111111112,33,54
823,0.6851851851851852,37,54
824,0.5925925925925926,32,54
825,0.5555555555555556,30,54
826,0.6851851851851852,37,54
827,0.5370370370370371,29,54
828,0.5925925925925926,32,54
829,0.6111111111111112,33,54
830,0.6851851851851852,37,54
831,0.5370370370370371,29,54
832,0.5555555555555556,30,54
833,0.7222222222222222,39,54
834,0.5740740740740741,31,54
835,0.6481481481481481,35,54
836,0.6296296296296297,34,54
837,0.5925925925925926,32,54
838,0.5370370370370371,29,54
839,0.5370370370370371,29,54
840,0.5185185185185185,28,54
841,0.5370370370370371,29,54
842,0.6296296296296297,34,54
843,0.6111111111111112,33,54
844,0.6851851851851852,37,54
845,0.6851851851851852,37,54
846,0.6296296296296297,34,54
847,0.6851851851851852,37,54
848,0.6296296296296297,34,54
849,0.6666666666666666,36,54
850,0.6481481481481481,35,54
851,0.6296296296296297,34,54
852,0.6481481481481481,35,54
853,0.6296296296296297,34,54
854,0.5740740740740741,31,54
855,0.6666666666666666,36,54
856,0.5925925925925926,32,54
857,0.5185185185185185,28,54
858,0.6296296296296297,34,54
859,0.5740740740740741,31,54
860,0.6851851851851852,37,54
861,0.6481481481481481,35,54
862,0.5925925925925926,32,54
863,0.6481481481481481,35,54
864,0.5185185185185185,28,54
865,0.5555555555555556,30,54
866,0.6851851851851852,37,54
867,0.6481481481481481,35,54
868,0.6296296296296297,34,54
869,0.6296296296296297,34,54
870,0.6296296296296297,34,54
871,0.5740740740740741,31,54
872,0.6851851851851852,37,54
873,0.5925925925925926,32,54
874,0.5370370370370371,29,54
875,0.6296296296296297,34,54
876,0.5925925925925926,32,54
877,0.6296296296296297,34,54
878,0.5555555555555556,30,54
879,0.6296296296296297,34,54
880,0.5185185185185185,28,54
881,0.5370370370370371,29,54
882,0.6851851851851852,37,54
883,0.6296296296296297,34,54
884,0.6111111111111112,33,54
885,0.6296296296296297,34,54
886,0.5555555555555556,30,54
887,0.5740740740740741,31,54
888,0.6666666666666666,36,54
889,0.6481481481481481,35,54
890,0.5740740740740741,31,54
891,0.5740740740740741,31,54
892,0.6296296296296297,34,54
893,0.6666666666666666,36,54
894,0.5925925925925926,32,54
895,0.5,27,54
896,0.6481481481481481,35,54
897,0.5185185185185185,28,54
898,0.5370370370370371,29,54
899,0.6111111111111112,33,54
900,0.6296296296296297,34,54
901,0.6481481481481481,35,54
902,0.5740740740740741,31,54
903,0.5925925925925926,32,54
904,0.6111111111111112,33,54
905,0.6296296296296297,34,54
906,0.6296296296296297,34,54
907,0.7222222222222222,39,54
908,0.5555555555555556,30,54
909,0.6296296296296297,34,54
910,0.6481481481481481,35,54
911,0.6111111111111112,33,54
912,0.5370370370370371,29,54
913,0.5740740740740741,31,54
914,0.6296296296296297,34,54
915,0.5925925925925926,32,54
916,0.6296296296296297,34,54
917,0.6666666666666666,36,54
918,0.5555555555555556,30,54
919,0.5185185185185185,28,54
920,0.6111111111111112,33,54
921,0.7222222222222222,39,54
922,0.6111111111111112,33,54
923,0.6296296296296297,34,54
924,0.6296296296296297,34,54
925,0.7407407407407407,40,54
926,0.6111111111111112,33,54
927,0.6111111111111112,33,54
928,0.6481481481481481,35,54
929,0.7037037037037037,38,54
930,0.6296296296296297,34,54
931,0.6851851851851852,37,54
932,0.5740740740740741,31,54
933,0.5740740740740741,31,54
934,0.5555555555555556,30,54
935,0.5555555555555556,30,54
936,0.6111111111111112,33,54
937,0.6481481481481481,35,54
938,0.5740740740740741,31,54
939,0.5555555555555556,30,54
940,0.5370370370370371,29,54
941,0.5925925925925926,32,54
942,0.6666666666666666,36,54
943,0.6296296296296297,34,54
944,0.5370370370370371,29,54
945,0.6296296296296297,34,54
946,0.5925925925925926,32,54
947,0.5740740740740741,31,54
948,0.5,27,54
949,0.6851851851851852,37,54
950,0.5740740740740741,31,54
951,0.5555555555555556,30,54
952,0.6481481481481481,35,54
953,0.6111111111111112,33,54
954,0.5370370370370371,29,54
955,0.6851851851851852,37,54
956,0.5740740740740741,31,54
957,0.6296296296296297,34,54
958,0.6666666666666666,36,54
959,0.6111111111111112,33,54
960,0.5,27,54
961,0.6111111111111112,33,54
962,0.7037037037037037,38,54
963,0.5555555555555556,30,54
964,0.5925925925925926,32,54
965,0.6111111111111112,33,54
966,0.6481481481481481,35,54
967,0.6296296296296297,34,54
968,0.6111111111111112,33,54
969,0.6296296296296297,34,54
970,0.5370370370370371,29,54
971,0.6851851851851852,37,54
972,0.5555555555555556,30,54
973,0.6111111111111112,33,54
974,0.7592592592592593,41,54
975,0.5555555555555556,30,54
976,0.5370370370370371,29,54
977,0.5740740740740741,31,54
978,0.5925925925925926,32,54
979,0.6111111111111112,33,54
980,0.6666666666666666,36,54
981,0.5740740740740741,31,54
982,0.6481481481481481,35,54
983,0.5555555555555556,30,54
984,0.6666666666666666,36,54
985,0.5740740740740741,31,54
986,0.5370370370370371,29,54
987,0.5185185185185185,28,54
988,0.6296296296296297,34,54
989,0.5740740740740741,31,54
990,0.7037037037037037,38,54
991,0.5925925925925926,32,54
992,0.6851851851851852,37,54
993,0.5185185185185185,28,54
994,0.5555555555555556,30,54
995,0.5555555555555556,30,54
996,0.6666666666666666,36,54
997,0.6666666666666666,36,54
998,0.6296296296296297,34,54
999,0.6296296296296297,34,54
1000,0.6111111111111112,33,54
1001,0.5925925925925926,32,54
1002,0.5925925925925926,32,54
1003,0.5740740740740741,31,54
1004,0.6481481481481481,35,54
1005,0.5370370370370371,29,54
1006,0.6666666666666666,36,54
1007,0.5740740740740741,31,54
1008,0.6296296296296297,34,54
1009,0.5185185185185185,28,54
1010,0.6296296296296297,34,54
1011,0.5925925925925926,32,54
1012,0.5,27,54
1013,0.7222222222222222,39,54
1014,0.5555555555555556,30,54
1015,0.6666666666666666,36,54
1016,0.5555555555555556,30,54
1017,0.5740740740740741,31,54
1018,0.6481481481481481,35,54
1019,0.6296296296296297,34,54
1020,0.6111111111111112,33,54
1021,0.5925925925925926,32,54
1022,0.5555555555555556,30,54
1023,0.6481481481481481,35,54
1024,0.6111111111111112,33,54
1025,0.5185185185185185,28,54
1026,0.5555555555555556,30,54
1027,0.5370370370370371,29,54
1028,0.6666666666666666,36,54
1029,0.6111111111111112,33,54
1030,0.5740740740740741,31,54
1031,0.6296296296296297,34,54
1032,0.6481481481481481,35,54
1033,0.6111111111111112,33,54
1034,0.6851851851851852,37,54
1035,0.6666666666666666,36,54
1036,0.6111111111111112,33,54
1037,0.5370370370370371,29,54
1038,0.6296296296296297,34,54
1039,0.6111111111111112,33,54
1040,0.6296296296296297,34,54
1041,0.6851851851851852,37,54
1042,0.5185185185185185,28,54
1043,0.6481481481481481,35,54
1044,0.6111111111111112,33,54
1045,0.6296296296296297,34,54
1046,0.6111111111111112,33,54
1047,0.6666666666666666,36,54
1048,0.5555555555555556,30,54
1049,0.6666666666666666,36,54
1050,0.5925925925925926,32,54
1051,0.6481481481481481,35,54
1052,0.6481481481481481,35,54
1053,0.6111111111111112,33,54
1054,0.5740740740740741,31,54
1055,0.5555555555555556,30,54
1056,0.6111111111111112,33,54
1057,0.6666666666666666,36,54
1058,0.5555555555555556,30,54
1059,0.5555555555555556,30,54
1060,0.5555555555555556,30,54
1061,0.6481481481481481,35,54
1062,0.6481481481481481,35,54
1063,0.6481481481481481,35,54
1064,0.6296296296296297,34,54
1065,0.5370370370370371,29,54
1066,0.6111111111111112,33,54
1067,0.6111111111111112,33,54
1068,0.6481481481481481,35,54
1069,0.6296296296296297,34,54
1070,0.6296296296296297,34,54
1071,0.6481481481481481,35,54
1072,0.6296296296296297,34,54
1073,0.5925925925925926,32,54
1074,0.5555555555555556,30,54
1075,0.6296296296296297,34,54
1076,0.6481481481481481,35,54
1077,0.6666666666666666,36,54
1078,0.5925925925925926,32,54
1079,0.5555555555555556,30,54
1080,0.6111111111111112,33,54
1081,0.6296296296296297,34,54
1082,0.46296296296296297,25,54
1083,0.5740740740740741,31,54
1084,0.6296296296296297,34,54
1085,0.5740740740740741,31,54
1086,0.5925925925925926,32,54
1087,0.6296296296296297,34,54
1088,0.5740740740740741,31,54
1089,0.6851851851851852,37,54
1090,0.6111111111111112,33,54
1091,0.6481481481481481,35,54
1092,0.6296296296296297,34,54
1093,0.6111111111111112,33,54
1094,0.6111111111111112,33,54
1095,0.7407407407407407,40,54
1096,0.5555555555555556,30,54
1097,0.5925925925925926,32,54
1098,0.6666666666666666,36,54
1099,0.5740740740740741,31,54
1100,0.5925925925925926,32,54
1101,0.5,27,54
1102,0.6666666666666666,36,54
1103,0.6296296296296297,34,54
1104,0.6666666666666666,36,54
1105,0.5925925925925926,32,54
1106,0.6111111111111112,33,54
1107,0.5555555555555556,30,54
1108,0.48148148148148145,26,54
1109,0.5555555555555556,30,54
1110,0.6666666666666666,36,54
1111,0.5555555555555556,30,54
1112,0.5185185185185185,28,54
1113,0.5555555555555556,30,54
1114,0.5925925925925926,32,54
1115,0.6481481481481481,35,54
1116,0.5185185185185185,28,54
1117,0.5740740740740741,31,54
1118,0.6481481481481481,35,54
1119,0.5925925925925926,32,54
1120,0.5370370370370371,29,54
1121,0.5740740740740741,31,54
1122,0.5370370370370371,29,54
1123,0.6111111111111112,33,54
1124,0.6481481481481481,35,54
1125,0.5925925925925926,32,54
1126,0.7037037037037037,38,54
1127,0.5,27,54
1128,0.6111111111111112,33,54
1129,0.5555555555555556,30,54
1130,0.6481481481481481,35,54
1131,0.5740740740740741,31,54
1132,0.6851851851851852,37,54
1133,0.5555555555555556,30,54
1134,0.6111111111111112,33,54
1135,0.5555555555555556,30,54
1136,0.5555555555555556,30,54
1137,0.5925925925925926,32,54
1138,0.48148148148148145,26,54
1139,0.6851851851851852,37,54
1140,0.5925925925925926,32,54
1141,0.6296296296296297,34,54
1142,0.5740740740740741,31,54
1143,0.5740740740740741,31,54
1144,0.5740740740740741,31,54
1145,0.6666666666666666,36,54
1146,0.6666666666666666,36,54
1147,0.7037037037037037,38,54
1148,0.5370370370370371,29,54
1149,0.5925925925925926,32,54
1150,0.5,27,54
1151,0.5555555555555556,30,54
1152,0.5370370370370371,29,54
1153,0.5925925925925926,32,54
1154,0.5925925925925926,32,54
1155,0.5925925925925926,32,54
1156,0.6481481481481481,35,54
1157,0.5555555555555556,30,54
1158,0.7037037037037037,38,54
1159,0.5555555555555556,30,54
1160,0.6481481481481481,35,54
1161,0.5740740740740741,31,54
1162,0.5740740740740741,31,54
1163,0.6481481481481481,35,54
1164,0.5740740740740741,31,54
1165,0.6296296296296297,34,54
1166,0.6666666666666666,36,54
1167,0.48148148148148145,26,54
1168,0.6296296296296297,34,54
1169,0.5925925925925926,32,54
1170,0.6481481481481481,35,54
1171,0.5555555555555556,30,54
1172,0.5555555555555556,30,54
1173,0.5555555555555556,30,54
1174,0.7407407407407407,40,54
1175,0.5185185185185185,28,54
1176,0.5555555555555556,30,54
1177,0.6111111111111112,33,54
1178,0.5925925925925926,32,54
1179,0.5555555555555556,30,54
1180,0.7407407407407407,40,54
1181,0.5740740740740741,31,54
1182,0.6111111111111112,33,54
1183,0.5740740740740741,31,54
1184,0.5740740740740741,31,54
1185,0.6111111111111112,33,54
1186,0.5925925925925926,32,54
1187,0.5,27,54
1188,0.6296296296296297,34,54
1189,0.6111111111111112,33,54
1190,0.6481481481481481,35,54
1191,0.5740740740740741,31,54
1192,0.5555555555555556,30,54
1193,0.5740740740740741,31,54
1194,0.5185185185185185,28,54
1195,0.5925925925925926,32,54
1196,0.6111111111111112,33,54
1197,0.7407407407407407,40,54
1198,0.5740740740740741,31,54
1199,0.6296296296296297,34,54
1200,0.6851851851851852,37,54
1201,0.6111111111111112,33,54
1202,0.5740740740740741,31,54
1203,0.6111111111111112,33,54
1204,0.5185185185185185,28,54
1205,0.6481481481481481,35,54
1206,0.5555555555555556,30,54
1207,0.6481481481481481,35,54
1208,0.6666666666666666,36,54
1209,0.5925925925925926,32,54
1210,0.6296296296296297,34,54
1211,0.6666666666666666,36,54
1212,0.6851851851851852,37,54
1213,0.6111111111111112,33,54
1214,0.7037037037037037,38,54
1215,0.6666666666666666,36,54
1216,0.5925925925925926,32,54
1217,0.5740740740740741,31,54
1218,0.5740740740740741,31,54
1219,0.48148148148148145,26,54
1220,0.6481481481481481,35,54
1221,0.5925925925925926,32,54
1222,0.6111111111111112,33,54
1223,0.6111111111111112,33,54
1224,0.48148148148148145,26,54
1225,0.5555555555555556,30,54
1226,0.5925925925925926,32,54
1227,0.6296296296296297,34,54
1228,0.6111111111111112,33,54
1229,0.6666666666666666,36,54
1230,0.6851851851851852,37,54
1231,0.6481481481481481,35,54
1232,0.6296296296296297,34,54
1233,0.5740740740740741,31,54
1234,0.5925925925925926,32,54
1235,0.6296296296296297,34,54
1236,0.5555555555555556,30,54
1237,0.5740740740740741,31,54
1238,0.6481481481481481,35,54
1239,0.5370370370370371,29,54
1240,0.5740740740740741,31,54
1241,0.5740740740740741,31,54
1242,0.6481481481481481,35,54
1243,0.6851851851851852,37,54
1244,0.6666666666666666,36,54
1245,0.6111111111111112,33,54
1246,0.6481481481481481,35,54
1247,0.48148148148148145,26,54
1248,0.5555555555555556,30,54
1249,0.5925925925925926,32,54
1250,0.5,27,54
1251,0.5925925925925926,32,54
1252,0.5555555555555556,30,54
1253,0.6851851851851852,37,54
1254,0.7037037037037037,38,54
1255,0.5370370370370371,29,54
1256,0.6481481481481481,35,54
1257,0.5740740740740741,31,54
1258,0.5925925925925926,32,54
1259,0.5925925925925926,32,54
1260,0.6481481481481481,35,54
1261,0.6851851851851852,37,54
1262,0.6851851851851852,37,54
1263,0.6296296296296297,34,54
1264,0.6666666666666666,36,54
1265,0.6111111111111112,33,54
1266,0.6481481481481481,35,54
1267,0.5185185185185185,28,54
1268,0.6111111111111112,33,54
1269,0.6111111111111112,33,54
1270,0.6111111111111112,33,54
1271,0.5925925925925926,32,54
1272,0.6296296296296297,34,54
1273,0.5555555555555556,30,54
1274,0.5370370370370371,29,54
1275,0.5740740740740741,31,54
1276,0.6666666666666666,36,54
1277,0.6111111111111112,33,54
1278,0.5,27,54
1279,0.5370370370370371,29,54
1280,0.5925925925925926,32,54
1281,0.6851851851851852,37,54
1282,0.5370370370370371,29,54
1283,0.6666666666666666,36,54
1284,0.6111111111111112,33,54
1285,0.6296296296296297,34,54
1286,0.5370370370370371,29,54
1287,0.5370370370370371,29,54
1288,0.6481481481481481,35,54
1289,0.5740740740740741,31,54
1290,0.5925925925925926,32,54
1291,0.4444444444444444,24,54
1292,0.5555555555555556,30,54
1293,0.5925925925925926,32,54
1294,0.5925925925925926,32,54
1295,0.5555555555555556,30,54
1296,0.6296296296296297,34,54
1297,0.7407407407407407,40,54
1298,0.5925925925925926,32,54
1299,0.7222222222222222,39,54
1300,0.6481481481481481,35,54
1301,0.7222222222222222,39,54
1302,0.6481481481481481,35,54
1303,0.5740740740740741,31,54
1304,0.5740740740740741,31,54
1305,0.6666666666666666,36,54
1306,0.5740740740740741,31,54
1307,0.5555555555555556,30,54
1308,0.6851851851851852,37,54
1309,0.5925925925925926,32,54
1310,0.6111111111111112,33,54
1311,0.6296296296296297,34,54
1312,0.6851851851851852,37,54
1313,0.5925925925925926,32,54
1314,0.7037037037037037,38,54
1315,0.6111111111111112,33,54
1316,0.5555555555555556,30,54
1317,0.5925925925925926,32,54
1318,0.6666666666666666,36,54
1319,0.6851851851851852,37,54
1320,0.7222222222222222,39,54
1321,0.5,27,54
1322,0.5555555555555556,30,54
1323,0.5740740740740741,31,54
1324,0.5555555555555556,30,54
1325,0.5555555555555556,30,54
1326,0.6296296296296297,34,54
1327,0.6666666666666666,36,54
1328,0.6296296296296297,34,54
1329,0.5740740740740741,31,54
1330,0.6851851851851852,37,54
1331,0.5925925925925926,32,54
1332,0.6111111111111112,33,54
1333,0.5185185185185185,28,54
1334,0.6111111111111112,33,54
1335,0.7037037037037037,38,54
1336,0.7222222222222222,39,54
1337,0.5740740740740741,31,54
1338,0.5925925925925926,32,54
1339,0.5925925925925926,32,54
1340,0.6666666666666666,36,54
1341,0.5925925925925926,32,54
1342,0.5370370370370371,29,54
1343,0.5925925925925926,32,54
1344,0.5555555555555556,30,54
1345,0.6481481481481481,35,54
1346,0.6111111111111112,33,54
1347,0.6481481481481481,35,54
1348,0.5925925925925926,32,54
1349,0.6296296296296297,34,54
1350,0.7222222222222222,39,54
1351,0.7037037037037037,38,54
1352,0.6111111111111112,33,54
1353,0.5370370370370371,29,54
1354,0.5925925925925926,32,54
1355,0.5740740740740741,31,54
1356,0.5925925925925926,32,54
1357,0.6851851851851852,37,54
1358,0.5740740740740741,31,54
1359,0.5185185185185185,28,54
1360,0.5370370370370371,29,54
1361,0.5555555555555556,30,54
1362,0.6481481481481481,35,54
1363,0.6851851851851852,37,54
1364,0.6481481481481481,35,54
1365,0.5740740740740741,31,54
1366,0.5740740740740741,31,54
1367,0.6111111111111112,33,54
1368,0.6851851851851852,37,54
1369,0.5740740740740741,31,54
1370,0.6111111111111112,33,54
1371,0.5740740740740741,31,54
1372,0.5740740740740741,31,54
1373,0.5370370370370371,29,54
1374,0.5185185185185185,28,54
1375,0.6666666666666666,36,54
1376,0.5925925925925926,32,54
1377,0.6481481481481481,35,54
1378,0.6666666666666666,36,54
1379,0.5740740740740741,31,54
1380,0.6111111111111112,33,54
1381,0.48148148148148145,26,54
1382,0.6111111111111112,33,54
1383,0.5555555555555556,30,54
1384,0.6481481481481481,35,54
1385,0.6666666666666666,36,54
1386,0.6111111111111112,33,54
1387,0.5555555555555556,30,54
1388,0.6111111111111112,33,54
1389,0.5555555555555556,30,54
1390,0.6296296296296297,34,54
1391,0.5925925925925926,32,54
1392,0.6296296296296297,34,54
1393,0.7592592592592593,41,54
1394,0.6111111111111112,33,54
1395,0.6481481481481481,35,54
1396,0.6481481481481481,35,54
1397,0.6851851851851852,37,54
1398,0.5740740740740741,31,54
1399,0.6481481481481481,35,54
1400,0.6296296296296297,34,54
1401,0.6111111111111112,33,54
1402,0.5555555555555556,30,54
1403,0.5370370370370371,29,54
1404,0.5740740740740741,31,54
1405,0.6111111111111112,33,54
1406,0.6296296296296297,34,54
1407,0.5370370370370371,29,54
1408,0.6666666666666666,36,54
1409,0.5925925925925926,32,54
1410,0.5740740740740741,31,54
1411,0.5740740740740741,31,54
1412,0.7222222222222222,39,54
1413,0.7037037037037037,38,54
1414,0.5925925925925926,32,54
1415,0.6481481481481481,35,54
1416,0.5925925925925926,32,54
1417,0.7037037037037037,38,54
1418,0.5370370370370371,29,54
1419,0.6666666666666666,36,54
1420,0.6666666666666666,36,54
1421,0.5370370370370371,29,54
1422,0.5370370370370371,29,54
1423,0.6111111111111112,33,54
1424,0.6851851851851852,37,54
1425,0.6481481481481481,35,54
1426,0.5740740740740741,31,54
1427,0.5,27,54
1428,0.6111111111111112,33,54
1429,0.6111111111111112,33,54
1430,0.5555555555555556,30,54
1431,0.6481481481481481,35,54
1432,0.6851851851851852,37,54
1433,0.5925925925925926,32,54
1434,0.5185185185185185,28,54
1435,0.5925925925925926,32,54
1436,0.6296296296296297,34,54
1437,0.6296296296296297,34,54
1438,0.6666666666666666,36,54
1439,0.5370370370370371,29,54
1440,0.6111111111111112,33,54
1441,0.5555555555555556,30,54
1442,0.5925925925925926,32,54
1443,0.5925925925925926,32,54
1444,0.6851851851851852,37,54
1445,0.5925925925925926,32,54
1446,0.5370370370370371,29,54
1447,0.6481481481481481,35,54
1448,0.6111111111111112,33,54
1449,0.5,27,54
1450,0.48148148148148145,26,54
1451,0.5925925925925926,32,54
1452,0.6481481481481481,35,54
1453,0.6851851851851852,37,54
1454,0.6481481481481481,35,54
1455,0.6481481481481481,35,54
1456,0.48148148148148145,26,54
1457,0.5370370370370371,29,54
1458,0.6111111111111112,33,54
1459,0.6111111111111112,33,54
1460,0.6666666666666666,36,54
1461,0.5925925925925926,32,54
1462,0.6481481481481481,35,54
1463,0.6481481481481481,35,54
1464,0.7037037037037037,38,54
1465,0.5555555555555556,30,54
1466,0.6111111111111112,33,54
1467,0.6111111111111112,33,54
1468,0.7777777777777778,42,54
1469,0.7407407407407407,40,54
1470,0.6296296296296297,34,54
1471,0.5740740740740741,31,54
1472,0.6666666666666666,36,54
1473,0.6481481481481481,35,54
1474,0.6481481481481481,35,54
1475,0.6851851851851852,37,54
1476,0.6111111111111112,33,54
1477,0.6111111111111112,33,54
1478,0.6111111111111112,33,54
1479,0.6481481481481481,35,54
1480,0.6111111111111112,33,54
1481,0.6111111111111112,33,54
1482,0.6296296296296297,34,54
1483,0.6666666666666666,36,54
1484,0.5925925925925926,32,54
1485,0.48148148148148145,26,54
1486,0.5740740740740741,31,54
1487,0.5555555555555556,30,54
1488,0.6296296296296297,34,54
1489,0.6296296296296297,34,54
1490,0.5925925925925926,32,54
1491,0.5740740740740741,31,54
1492,0.6111111111111112,33,54
1493,0.5555555555555556,30,54
1494,0.6481481481481481,35,54
1495,0.6111111111111112,33,54
1496,0.5740740740740741,31,54
1497,0.6481481481481481,35,54
1498,0.6851851851851852,37,54
1499,0.6481481481481481,35,54
1500,0.5925925925925926,32,54
1501,0.6296296296296297,34,54
1502,0.5925925925925926,32,54
1503,0.6111111111111112,33,54
1504,0.6481481481481481,35,54
1505,0.5370370370370371,29,54
1506,0.5370370370370371,29,54
1507,0.5925925925925926,32,54
1508,0.48148148148148145,26,54
1509,0.6481481481481481,35,54
1510,0.5370370370370371,29,54
1511,0.5555555555555556,30,54
1512,0.5925925925925926,32,54
1513,0.5185185185185185,28,54
1514,0.6851851851851852,37,54
1515,0.5555555555555556,30,54
1516,0.46296296296296297,25,54
1517,0.6666666666666666,36,54
1518,0.6666666666666666,36,54
1519,0.48148148148148145,26,54
1520,0.7407407407407407,40,54
1521,0.6296296296296297,34,54
1522,0.6481481481481481,35,54
1523,0.5740740740740741,31,54
1524,0.5555555555555556,30,54
1525,0.6481481481481481,35,54
1526,0.5370370370370371,29,54
1527,0.6481481481481481,35,54
1528,0.5555555555555556,30,54
1529,0.6481481481481481,35,54
1530,0.6851851851851852,37,54
1531,0.5925925925925926,32,54
1532,0.5555555555555556,30,54
1533,0.5925925925925926,32,54
1534,0.6666666666666666,36,54
1535,0.6481481481481481,35,54
1536,0.7222222222222222,39,54
1537,0.5925925925925926,32,54
1538,0.7037037037037037,38,54
1539,0.7037037037037037,38,54
1540,0.6666666666666666,36,54
1541,0.5370370370370371,29,54
1542,0.5555555555555556,30,54
1543,0.6481481481481481,35,54
1544,0.6666666666666666,36,54
1545,0.5370370370370371,29,54
1546,0.6111111111111112,33,54
1547,0.6111111111111112,33,54
1548,0.7037037037037037,38,54
1549,0.5740740740740741,31,54
1550,0.6296296296296297,34,54
1551,0.6666666666666666,36,54
1552,0.5740740740740741,31,54
1553,0.5925925925925926,32,54
1554,0.5740740740740741,31,54
1555,0.5370370370370371,29,54
1556,0.6296296296296297,34,54
1557,0.5370370370370371,29,54
1558,0.5,27,54
1559,0.5740740740740741,31,54
1560,0.6481481481481481,35,54
1561,0.6296296296296297,34,54
1562,0.6666666666666666,36,54
1563,0.5925925925925926,32,54
1564,0.6666666666666666,36,54
1565,0.6666666666666666,36,54
1566,0.5925925925925926,32,54
1567,0.6111111111111112,33,54
1568,0.6851851851851852,37,54
1569,0.5185185185185185,28,54
1570,0.5555555555555556,30,54
1571,0.6481481481481481,35,54
1572,0.6296296296296297,34,54
1573,0.7037037037037037,38,54
1574,0.7037037037037037,38,54
1575,0.46296296296296297,25,54
1576,0.6296296296296297,34,54
1577,0.6481481481481481,35,54
1578,0.6296296296296297,34,54
1579,0.5740740740740741,31,54
1580,0.5740740740740741,31,54
1581,0.6111111111111112,33,54
1582,0.6296296296296297,34,54
1583,0.6481481481481481,35,54
1584,0.5740740740740741,31,54
1585,0.6296296296296297,34,54
1586,0.5555555555555556,30,54
1587,0.5555555555555556,30,54
1588,0.6111111111111112,33,54
1589,0.5,27,54
1590,0.5925925925925926,32,54
1591,0.6851851851851852,37,54
1592,0.6666666666666666,36,54
1593,0.5555555555555556,30,54
1594,0.6666666666666666,36,54
1595,0.6481481481481481,35,54
1596,0.7222222222222222,39,54
1597,0.6481481481481481,35,54
1598,0.6296296296296297,34,54
1599,0.6666666666666666,36,54
1600,0.6666666666666666,36,54
1601,0.6111111111111112,33,54
1602,0.6481481481481481,35,54
1603,0.5370370370370371,29,54
1604,0.7222222222222222,39,54
1605,0.5925925925925926,32,54
1606,0.5555555555555556,30,54
1607,0.5740740740740741,31,54
1608,0.5740740740740741,31,54
1609,0.5925925925925926,32,54
1610,0.6666666666666666,36,54
1611,0.6111111111111112,33,54
1612,0.6111111111111112,33,54
1613,0.6296296296296297,34,54
1614,0.6666666666666666,36,54
1615,0.5555555555555556,30,54
1616,0.6111111111111112,33,54
1617,0.6111111111111112,33,54
1618,0.5740740740740741,31,54
1619,0.6851851851851852,37,54
1620,0.5185185185185185,28,54
1621,0.6481481481481481,35,54
1622,0.5370370370370371,29,54
1623,0.5370370370370371,29,54
1624,0.5740740740740741,31,54
1625,0.6666666666666666,36,54
1626,0.5,27,54
1627,0.6481481481481481,35,54
1628,0.5740740740740741,31,54
1629,0.6851851851851852,37,54
1630,0.6296296296296297,34,54
1631,0.5370370370370371,29,54
1632,0.6296296296296297,34,54
1633,0.6296296296296297,34,54
1634,0.6666666666666666,36,54
1635,0.6111111111111112,33,54
1636,0.5370370370370371,29,54
1637,0.6296296296296297,34,54
1638,0.5925925925925926,32,54
1639,0.5185185185185185,28,54
1640,0.6296296296296297,34,54
1641,0.5555555555555556,30,54
1642,0.6111111111111112,33,54
1643,0.6111111111111112,33,54
1644,0.6296296296296297,34,54
1645,0.5925925925925926,32,54
1646,0.7222222222222222,39,54
1647,0.7037037037037037,38,54
1648,0.5925925925925926,32,54
1649,0.6111111111111112,33,54
1650,0.6111111111111112,33,54
1651,0.6296296296296297,34,54
1652,0.6851851851851852,37,54
1653,0.6481481481481481,35,54
1654,0.5740740740740741,31,54
1655,0.6296296296296297,34,54
1656,0.6666666666666666,36,54
1657,0.6111111111111112,33,54
1658,0.6111111111111112,33,54
1659,0.6296296296296297,34,54
1660,0.5185185185185185,28,54
1661,0.6296296296296297,34,54
1662,0.6481481481481481,35,54
1663,0.48148148148148145,26,54
1664,0.7037037037037037,38,54
1665,0.6111111111111112,33,54
1666,0.6111111111111112,33,54
1667,0.5185185185185185,28,54
1668,0.6481481481481481,35,54
1669,0.5555555555555556,30,54
1670,0.5740740740740741,31,54
1671,0.7037037037037037,38,54
1672,0.6851851851851852,37,54
1673,0.5925925925925926,32,54
1674,0.6666666666666666,36,54
1675,0.6666666666666666,36,54
1676,0.6111111111111112,33,54
1677,0.5,27,54
1678,0.6296296296296297,34,54
1679,0.5740740740740741,31,54
1680,0.5370370370370371,29,54
1681,0.6666666666666666,36,54
1682,0.5925925925925926,32,54
1683,0.6111111111111112,33,54
1684,0.6296296296296297,34,54
1685,0.6851851851851852,37,54
1686,0.6296296296296297,34,54
1687,0.5740740740740741,31,54
1688,0.6666666666666666,36,54
1689,0.6296296296296297,34,54
1690,0.6296296296296297,34,54
1691,0.6851851851851852,37,54
1692,0.6296296296296297,34,54
1693,0.5370370370370371,29,54
1694,0.5925925925925926,32,54
1695,0.6481481481481481,35,54
1696,0.5925925925925926,32,54
1697,0.6666666666666666,36,54
1698,0.5740740740740741,31,54
1699,0.5370370370370371,29,54
1700,0.6111111111111112,33,54
1701,0.5740740740740741,31,54
1702,0.6481481481481481,35,54
1703,0.5925925925925926,32,54
1704,0.6296296296296297,34,54
1705,0.5925925925925926,32,54
1706,0.5740740740740741,31,54
1707,0.5925925925925926,32,54
1708,0.5370370370370371,29,54
1709,0.6296296296296297,34,54
1710,0.5740740740740741,31,54
1711,0.6481481481481481,35,54
1712,0.5925925925925926,32,54
1713,0.6111111111111112,33,54
1714,0.6851851851851852,37,54
1715,0.7037037037037037,38,54
1716,0.6111111111111112,33,54
1717,0.5740740740740741,31,54
1718,0.7222222222222222,39,54
1719,0.6296296296296297,34,54
1720,0.5555555555555556,30,54
1721,0.6666666666666666,36,54
1722,0.6296296296296297,34,54
1723,0.5555555555555556,30,54
1724,0.6666666666666666,36,54
1725,0.6666666666666666,36,54
1726,0.5370370370370371,29,54
1727,0.5925925925925926,32,54
1728,0.5555555555555556,30,54
1729,0.7037037037037037,38,54
1730,0.5925925925925926,32,54
1731,0.6296296296296297,34,54
1732,0.5740740740740741,31,54
1733,0.6851851851851852,37,54
1734,0.5925925925925926,32,54
1735,0.5925925925925926,32,54
1736,0.6296296296296297,34,54
1737,0.5,27,54
1738,0.6851851851851852,37,54
1739,0.6481481481481481,35,54
1740,0.6296296296296297,34,54
1741,0.6111111111111112,33,54
1742,0.6851851851851852,37,54
1743,0.5185185185185185,28,54
1744,0.5740740740740741,31,54
1745,0.5555555555555556,30,54
1746,0.5740740740740741,31,54
1747,0.6666666666666666,36,54
1748,0.5925925925925926,32,54
1749,0.6296296296296297,34,54
1750,0.5555555555555556,30,54
1751,0.6481481481481481,35,54
1752,0.6481481481481481,35,54
1753,0.6481481481481481,35,54
1754,0.5370370370370371,29,54
1755,0.6666666666666666,36,54
1756,0.6111111111111112,33,54
1757,0.5925925925925926,32,54
1758,0.5925925925925926,32,54
1759,0.6111111111111112,33,54
1760,0.6481481481481481,35,54
1761,0.5370370370370371,29,54
1762,0.6111111111111112,33,54
1763,0.5740740740740741,31,54
1764,0.6296296296296297,34,54
1765,0.6296296296296297,34,54
1766,0.6296296296296297,34,54
1767,0.5555555555555556,30,54
1768,0.7222222222222222,39,54
1769,0.5925925925925926,32,54
1770,0.5925925925925926,32,54
1771,0.6851851851851852,37,54
1772,0.6666666666666666,36,54
1773,0.7592592592592593,41,54
1774,0.5740740740740741,31,54
1775,0.5740740740740741,31,54
1776,0.5,27,54
1777,0.6111111111111112,33,54
1778,0.5555555555555556,30,54
1779,0.6481481481481481,35,54
1780,0.7037037037037037,38,54
1781,0.5370370370370371,29,54
1782,0.6666666666666666,36,54
1783,0.5555555555555556,30,54
1784,0.6111111111111112,33,54
1785,0.5370370370370371,29,54
1786,0.6111111111111112,33,54
1787,0.6851851851851852,37,54
1788,0.6111111111111112,33,54
1789,0.6296296296296297,34,54
1790,0.6481481481481481,35,54
1791,0.5925925925925926,32,54
1792,0.5925925925925926,32,54
1793,0.5370370370370371,29,54
1794,0.7222222222222222,39,54
1795,0.6481481481481481,35,54
1796,0.6296296296296297,34,54
1797,0.6296296296296297,34,54
1798,0.5925925925925926,32,54
1799,0.6111111111111112,33,54
1800,0.6481481481481481,35,54
1801,0.6296296296296297,34,54
1802,0.48148148148148145,26,54
1803,0.5740740740740741,31,54
1804,0.5555555555555556,30,54
1805,0.5925925925925926,32,54
1806,0.6666666666666666,36,54
1807,0.5370370370370371,29,54
1808,0.7037037037037037,38,54
1809,0.6296296296296297,34,54
1810,0.5555555555555556,30,54
1811,0.48148148148148145,26,54
1812,0.6111111111111112,33,54
1813,0.5740740740740741,31,54
1814,0.6481481481481481,35,54
1815,0.5925925925925926,32,54
1816,0.6111111111111112,33,54
1817,0.6111111111111112,33,54
1818,0.5925925925925926,32,54
1819,0.5925925925925926,32,54
1820,0.6111111111111112,33,54
1821,0.5555555555555556,30,54
1822,0.5370370370370371,29,54
1823,0.6296296296296297,34,54
1824,0.6111111111111112,33,54
1825,0.6111111111111112,33,54
1826,0.7037037037037037,38,54
1827,0.5555555555555556,30,54
1828,0.6666666666666666,36,54
1829,0.5925925925925926,32,54
1830,0.7592592592592593,41,54
1831,0.6296296296296297,34,54
1832,0.5740740740740741,31,54
1833,0.5370370370370371,29,54
1834,0.6111111111111112,33,54
1835,0.6851851851851852,37,54
1836,0.6296296296296297,34,54
1837,0.6666666666666666,36,54
1838,0.5185185185185185,28,54
1839,0.6481481481481481,35,54
1840,0.6851851851851852,37,54
1841,0.5370370370370371,29,54
1842,0.7037037037037037,38,54
1843,0.5925925925925926,32,54
1844,0.6296296296296297,34,54
1845,0.5185185185185185,28,54
1846,0.6481481481481481,35,54
1847,0.48148148148148145,26,54
1848,0.5370370370370371,29,54
1849,0.5,27,54
1850,0.5555555555555556,30,54
1851,0.7037037037037037,38,54
1852,0.5370370370370371,29,54
1853,0.6111111111111112,33,54
1854,0.5370370370370371,29,54
1855,0.7037037037037037,38,54
1856,0.6851851851851852,37,54
1857,0.5,27,54
1858,0.5555555555555556,30,54
1859,0.6111111111111112,33,54
1860,0.5555555555555556,30,54
1861,0.5555555555555556,30,54
1862,0.6666666666666666,36,54
1863,0.6666666666666666,36,54
1864,0.6296296296296297,34,54
1865,0.5740740740740741,31,54
1866,0.5740740740740741,31,54
1867,0.6481481481481481,35,54
1868,0.5740740740740741,31,54
1869,0.5370370370370371,29,54
1870,0.7777777777777778,42,54
1871,0.6666666666666666,36,54
1872,0.6111111111111112,33,54
1873,0.6481481481481481,35,54
1874,0.5740740740740741,31,54
1875,0.6481481481481481,35,54
1876,0.5555555555555556,30,54
1877,0.6296296296296297,34,54
1878,0.5925925925925926,32,54
1879,0.5555555555555556,30,54
1880,0.6851851851851852,37,54
1881,0.7037037037037037,38,54
1882,0.6111111111111112,33,54
1883,0.5925925925925926,32,54
1884,0.5925925925925926,32,54
1885,0.6296296296296297,34,54
1886,0.5925925925925926,32,54
1887,0.6481481481481481,35,54
1888,0.6111111111111112,33,54
1889,0.5740740740740741,31,54
1890,0.5370370370370371,29,54
1891,0.6111111111111112,33,54
1892,0.5555555555555556,30,54
1893,0.5925925925925926,32,54
1894,0.6111111111111112,33,54
1895,0.5925925925925926,32,54
1896,0.7222222222222222,39,54
1897,0.5555555555555556,30,54
1898,0.6851851851851852,37,54
1899,0.7037037037037037,38,54
1900,0.6296296296296297,34,54
1901,0.5925925925925926,32,54
1902,0.6481481481481481,35,54
1903,0.5740740740740741,31,54
1904,0.5185185185185185,28,54
1905,0.6296296296296297,34,54
1906,0.5370370370370371,29,54
1907,0.5740740740740741,31,54
1908,0.6481481481481481,35,54
1909,0.5370370370370371,29,54
1910,0.6666666666666666,36,54
1911,0.5,27,54
1912,0.6481481481481481,35,54
1913,0.5,27,54
1914,0.6481481481481481,35,54
1915,0.5,27,54
1916,0.5555555555555556,30,54
1917,0.6481481481481481,35,54
1918,0.6481481481481481,35,54
1919,0.6296296296296297,34,54
1920,0.5555555555555556,30,54
1921,0.6111111111111112,33,54
1922,0.5370370370370371,29,54
1923,0.6296296296296297,34,54
1924,0.7037037037037037,38,54
1925,0.6481481481481481,35,54
1926,0.6111111111111112,33,54
1927,0.6481481481481481,35,54
1928,0.5555555555555556,30,54
1929,0.5,27,54
1930,0.5740740740740741,31,54
1931,0.5555555555555556,30,54
1932,0.5555555555555556,30,54
1933,0.6666666666666666,36,54
1934,0.48148148148148145,26,54
1935,0.6666666666666666,36,54
1936,0.6111111111111112,33,54
1937,0.6666666666666666,36,54
1938,0.6111111111111112,33,54
1939,0.6851851851851852,37,54
1940,0.46296296296296297,25,54
1941,0.5740740740740741,31,54
1942,0.6666666666666666,36,54
1943,0.5925925925925926,32,54
1944,0.6666666666666666,36,54
1945,0.5740740740740741,31,54
1946,0.6111111111111112,33,54
1947,0.5555555555555556,30,54
1948,0.5555555555555556,30,54
1949,0.7222222222222222,39,54
1950,0.6111111111111112,33,54
1951,0.5740740740740741,31,54
1952,0.5740740740740741,31,54
1953,0.6296296296296297,34,54
1954,0.6111111111111112,33,54
1955,0.7037037037037037,38,54
1956,0.5740740740740741,31,54
1957,0.5925925925925926,32,54
1958,0.5925925925925926,32,54
1959,0.6296296296296297,34,54
1960,0.6111111111111112,33,54
1961,0.5925925925925926,32,54
1962,0.5740740740740741,31,54
1963,0.5370370370370371,29,54
1964,0.7222222222222222,39,54
1965,0.5185185185185185,28,54
1966,0.6851851851851852,37,54
1967,0.5,27,54
1968,0.5555555555555556,30,54
1969,0.6666666666666666,36,54
1970,0.5925925925925926,32,54
1971,0.6296296296296297,34,54
1972,0.5185185185185185,28,54
1973,0.6666666666666666,36,54
1974,0.6851851851851852,37,54
1975,0.6296296296296297,34,54
1976,0.6296296296296297,34,54
1977,0.5740740740740741,31,54
1978,0.6666666666666666,36,54
1979,0.6666666666666666,36,54
1980,0.6296296296296297,34,54
1981,0.6111111111111112,33,54
1982,0.6111111111111112,33,54
1983,0.6481481481481481,35,54
1984,0.6296296296296297,34,54
1985,0.5185185185185185,28,54
1986,0.5740740740740741,31,54
1987,0.6111111111111112,33,54
1988,0.5555555555555556,30,54
1989,0.5555555555555556,30,54
1990,0.5925925925925926,32,54
1991,0.6666666666666666,36,54
1992,0.6666666666666666,36,54
1993,0.6296296296296297,34,54
1994,0.7037037037037037,38,54
1995,0.6296296296296297,34,54
1996,0.6111111111111112,33,54
1997,0.6481481481481481,35,54
1998,0.6666666666666666,36,54
1999,0.6666666666666666,36,54
2000,0.5,27,54
